{
    "name": "root",
    "gauges": {
        "3DBall.Policy.Entropy.mean": {
            "value": 1.4190127849578857,
            "min": 1.4189382791519165,
            "max": 1.4312065839767456,
            "count": 18
        },
        "3DBall.Policy.Entropy.sum": {
            "value": 13758.748046875,
            "min": 13758.748046875,
            "max": 15352.9365234375,
            "count": 18
        },
        "3DBall.Environment.EpisodeLength.mean": {
            "value": 999.0,
            "min": 0.0,
            "max": 999.0,
            "count": 16
        },
        "3DBall.Environment.EpisodeLength.sum": {
            "value": 11988.0,
            "min": 0.0,
            "max": 11988.0,
            "count": 16
        },
        "3DBall.Step.mean": {
            "value": 179966.0,
            "min": 9990.0,
            "max": 179966.0,
            "count": 18
        },
        "3DBall.Step.sum": {
            "value": 179966.0,
            "min": 9990.0,
            "max": 179966.0,
            "count": 18
        },
        "3DBall.Policy.ExtrinsicValueEstimate.mean": {
            "value": 42.865882873535156,
            "min": -0.10548323392868042,
            "max": 42.865882873535156,
            "count": 18
        },
        "3DBall.Policy.ExtrinsicValueEstimate.sum": {
            "value": 6858.541015625,
            "min": -17.08828353881836,
            "max": 6858.541015625,
            "count": 18
        },
        "3DBall.Environment.CumulativeReward.mean": {
            "value": 499.8179740905762,
            "min": -1.0,
            "max": 499.8179740905762,
            "count": 18
        },
        "3DBall.Environment.CumulativeReward.sum": {
            "value": 5497.997714996338,
            "min": -6.0,
            "max": 5997.597507476807,
            "count": 18
        },
        "3DBall.Policy.ExtrinsicReward.mean": {
            "value": 499.8179740905762,
            "min": -1.0,
            "max": 499.8179740905762,
            "count": 18
        },
        "3DBall.Policy.ExtrinsicReward.sum": {
            "value": 5497.997714996338,
            "min": -6.0,
            "max": 5997.597507476807,
            "count": 18
        },
        "3DBall.IsTraining.mean": {
            "value": 1.0,
            "min": 1.0,
            "max": 1.0,
            "count": 18
        },
        "3DBall.IsTraining.sum": {
            "value": 1.0,
            "min": 1.0,
            "max": 1.0,
            "count": 18
        },
        "3DBall.Losses.PolicyLoss.mean": {
            "value": 0.021224429838669796,
            "min": 0.019819307676516473,
            "max": 0.03030121806077659,
            "count": 17
        },
        "3DBall.Losses.PolicyLoss.sum": {
            "value": 0.021224429838669796,
            "min": 0.019819307676516473,
            "max": 0.03030121806077659,
            "count": 17
        },
        "3DBall.Losses.ValueLoss.mean": {
            "value": 0.5827558234333992,
            "min": 0.5083316912253698,
            "max": 39.2852528889974,
            "count": 17
        },
        "3DBall.Losses.ValueLoss.sum": {
            "value": 0.5827558234333992,
            "min": 0.5083316912253698,
            "max": 39.2852528889974,
            "count": 17
        },
        "3DBall.Policy.LearningRate.mean": {
            "value": 0.00028934364355211997,
            "min": 0.00028934364355211997,
            "max": 0.0002993775602074799,
            "count": 17
        },
        "3DBall.Policy.LearningRate.sum": {
            "value": 0.00028934364355211997,
            "min": 0.00028934364355211997,
            "max": 0.0002993775602074799,
            "count": 17
        },
        "3DBall.Policy.Epsilon.mean": {
            "value": 0.19644788000000002,
            "min": 0.19644788000000002,
            "max": 0.19979251999999997,
            "count": 17
        },
        "3DBall.Policy.Epsilon.sum": {
            "value": 0.19644788000000002,
            "min": 0.19644788000000002,
            "max": 0.19979251999999997,
            "count": 17
        },
        "3DBall.Policy.Beta.mean": {
            "value": 0.004822749211999999,
            "min": 0.004822749211999999,
            "max": 0.004989646748000001,
            "count": 17
        },
        "3DBall.Policy.Beta.sum": {
            "value": 0.004822749211999999,
            "min": 0.004822749211999999,
            "max": 0.004989646748000001,
            "count": 17
        }
    },
    "metadata": {
        "timer_format_version": "0.1.0",
        "start_time_seconds": "1758386437",
        "python_version": "3.9.23 (main, Jun  3 2025, 18:47:52) \n[Clang 17.0.0 (clang-1700.0.13.3)]",
        "command_line_arguments": "/Users/mac/Documents/ml-agents-env/bin/mlagents-learn config/3DBall.yaml --run-id=BallTest7 --train",
        "mlagents_version": "0.30.0",
        "mlagents_envs_version": "0.30.0",
        "communication_protocol_version": "1.5.0",
        "pytorch_version": "1.11.0",
        "numpy_version": "1.21.2",
        "end_time_seconds": "1758386574"
    },
    "total": 136.605350041,
    "count": 1,
    "self": 0.0037184580000086953,
    "children": {
        "run_training.setup": {
            "total": 0.015305958000000008,
            "count": 1,
            "self": 0.015305958000000008
        },
        "TrainerController.start_learning": {
            "total": 136.586325625,
            "count": 1,
            "self": 0.14074162999901318,
            "children": {
                "TrainerController._reset_env": {
                    "total": 12.969996625,
                    "count": 1,
                    "self": 12.969996625
                },
                "TrainerController.advance": {
                    "total": 123.41576416100102,
                    "count": 15117,
                    "self": 0.12572418300052846,
                    "children": {
                        "env_step": {
                            "total": 105.39283184299985,
                            "count": 15117,
                            "self": 101.10529451199933,
                            "children": {
                                "SubprocessEnvManager._take_step": {
                                    "total": 4.191866764000196,
                                    "count": 15117,
                                    "self": 0.37242795500004,
                                    "children": {
                                        "TorchPolicy.evaluate": {
                                            "total": 3.8194388090001556,
                                            "count": 15101,
                                            "self": 3.8194388090001556
                                        }
                                    }
                                },
                                "workers": {
                                    "total": 0.09567056700032772,
                                    "count": 15116,
                                    "self": 0.0,
                                    "children": {
                                        "worker_root": {
                                            "total": 123.36848941699908,
                                            "count": 15116,
                                            "is_parallel": true,
                                            "self": 30.23502827699933,
                                            "children": {
                                                "steps_from_proto": {
                                                    "total": 0.0005632910000006319,
                                                    "count": 1,
                                                    "is_parallel": true,
                                                    "self": 0.00015337500000001114,